{
  "mCell": [
    {
      "mCellId": 1,
      "mParam": {
        "cellType": "TeamSelect",
        "helpText": "Select the team your currently scouting",
        "cellCategory": "Auto",
        "helpPictureSelector": "None",
        "helpTitle": "Default"
      },
      "mTitle": "Set the team",
      "mType": "TeamSelect"
    },
    {
      "mCellId": 3,
      "mParam": {
        "cellSegmentLabels": [
          "Tank",
          "Swerve",
          "Mecanum",
          "Other"
        ],
        "cellSegments": 4,
        "cellType": "Segment",
        "helpText": "Default",
        "cellCategory": "Auto",
        "helpPictureSelector": "None",
        "helpTitle": "If not in list do other and leave a comment"
      },
      "mTitle": "Drivetrain used?",
      "mType": "Segment"
    },
    {
      "mCellId": 9,
      "mParam": {
        "cellTextHidden": false,
        "cellType": "Text",
        "helpText": "Be Specific, More info is always better",
        "cellCategory": "Auto",
        "helpPictureSelector": "None",
        "helpTitle": "Comments"
      },
      "mTitle": "Auto routine Info",
      "mType": "Text"
    },
    {
      "mCellId": 3,
      "mParam": {
        "cellSegmentLabels": [
          "None",
          "Feeder",
          "Ground",
          "Both"
        ],
        "cellSegments": 4,
        "cellType": "Segment",
        "helpText": "Default",
        "cellCategory": "Auto",
        "helpPictureSelector": "None",
        "helpTitle": "If not in list do other and leave a comment"
      },
      "mTitle": "Coral Intake",
      "mType": "Segment"
    },
    {
      "mCellId": 3,
      "mParam": {
        "cellSegmentLabels": [
          "None",
          "Reef",
          "Ground",
          "Both"
        ],
        "cellSegments": 4,
        "cellType": "Segment",
        "helpText": "Default",
        "cellCategory": "Auto",
        "helpPictureSelector": "None",
        "helpTitle": "If not in list do other and leave a comment"
      },
      "mTitle": "Algae Intake",
      "mType": "Segment"
    },
    {
      "mCellId": 10,
      "mParam": {
        "cellTextHidden": false,
        "cellType": "Text",
        "helpText": "Be Specific, More info is always better",
        "cellCategory": "Auto",
        "helpPictureSelector": "None",
        "helpTitle": "Comments"
      },
      "mTitle": "Comments",
      "mType": "Text"
    }
  ]
}

^{"entryLabels":[],"mCell":[]}